repo_name,user_name,repo_url,no_stars
bootstrap,twbs,https://github.com/twbs/bootstrap,153000
AdminLTE,ColorlibHQ,https://github.com/ColorlibHQ/AdminLTE,39600
tabler,tabler,https://github.com/tabler/tabler,24200
mdb-ui-kit,mdbootstrap,https://github.com/mdbootstrap/mdb-ui-kit,21600
gentelella,ColorlibHQ,https://github.com/ColorlibHQ/gentelella,20300
react-bootstrap,react-bootstrap,https://github.com/react-bootstrap/react-bootstrap,20000
js-stack-from-scratch,verekia,https://github.com/verekia/js-stack-from-scratch,18600
bootstrap-vue,bootstrap-vue,https://github.com/bootstrap-vue/bootstrap-vue,13500
bootswatch,thomaspark,https://github.com/thomaspark/bootswatch,13200
bootstrap-datepicker,uxsolutions,https://github.com/uxsolutions/bootstrap-datepicker,12400
coreui-free-bootstrap-admin-template,coreui,https://github.com/coreui/coreui-free-bootstrap-admin-template,11000
bootstrap-table,wenzhixin,https://github.com/wenzhixin/bootstrap-table,11000
reactstrap,reactstrap,https://github.com/reactstrap/reactstrap,10100
material-design-for-bootstrap,mdbootstrap,https://github.com/mdbootstrap/material-design-for-bootstrap,9500
MaterialDesign,Templarian,https://github.com/Templarian/MaterialDesign,9400
bootstrap-select,snapappointments,https://github.com/snapappointments/bootstrap-select,9400
startbootstrap-sb-admin-2,StartBootstrap,https://github.com/StartBootstrap/startbootstrap-sb-admin-2,9000
ng-bootstrap,ng-bootstrap,https://github.com/ng-bootstrap/ng-bootstrap,7800
startbootstrap,BlackrockDigital,https://github.com/BlackrockDigital/startbootstrap,7100
Metro-UI-CSS,olton,https://github.com/olton/Metro-UI-CSS,6800
material-kit,creativetimofficial,https://github.com/creativetimofficial/material-kit,5600
FEBS-Shiro,febsteam,https://github.com/febsteam/FEBS-Shiro,5600
ngx-bootstrap,valor-software,https://github.com/valor-software/ngx-bootstrap,5300
bootstrap-switch,Bttstrp,https://github.com/Bttstrp/bootstrap-switch,5100
bootstrap-fileinput,kartik-v,https://github.com/kartik-v/bootstrap-fileinput,5000
bootstrap-modal,jschr,https://github.com/jschr/bootstrap-modal,5000
twitter-bootstrap-rails,seyhunak,https://github.com/seyhunak/twitter-bootstrap-rails,4500
favorites-web,cloudfavorites,https://github.com/cloudfavorites/favorites-web,4500
icons,twbs,https://github.com/twbs/icons,4400
polr,cydrobolt,https://github.com/cydrobolt/polr,4000
